rating,series_id,index_bank
9.0,0,"""Азиатско-Тихоокеанский Банк"" (ПАО)"
9.0,1,"""Азиатско-Тихоокеанский Банк"" (ПАО)"
9.0,2,"""Азиатско-Тихоокеанский Банк"" (ПАО)"
9.0,3,"""Азиатско-Тихоокеанский Банк"" (ПАО)"
9.0,4,"""Азиатско-Тихоокеанский Банк"" (ПАО)"
10.0,5,"""Азиатско-Тихоокеанский Банк"" (ПАО)"
10.0,6,"""Азиатско-Тихоокеанский Банк"" (ПАО)"
10.0,7,"""Азиатско-Тихоокеанский Банк"" (ПАО)"
10.0,8,"""Азиатско-Тихоокеанский Банк"" (ПАО)"
10.0,9,"""Азиатско-Тихоокеанский Банк"" (ПАО)"
10.0,10,"""Азиатско-Тихоокеанский Банк"" (ПАО)"
10.0,11,"""Азиатско-Тихоокеанский Банк"" (ПАО)"
10.0,12,"""Азиатско-Тихоокеанский Банк"" (ПАО)"
10.0,13,"""Азиатско-Тихоокеанский Банк"" (ПАО)"
9.0,14,"""Банк ""МБА-МОСКВА"" ООО"
9.0,15,"""Банк ""МБА-МОСКВА"" ООО"
9.0,16,"""Банк ""МБА-МОСКВА"" ООО"
9.0,17,"""Банк ""МБА-МОСКВА"" ООО"
9.0,18,"""Банк ""МБА-МОСКВА"" ООО"
9.0,19,"""Банк ""МБА-МОСКВА"" ООО"
10.0,20,"АКБ ""Абсолют Банк"" (ПАО)"
10.0,21,"АКБ ""Абсолют Банк"" (ПАО)"
10.0,22,"АКБ ""Абсолют Банк"" (ПАО)"
10.0,23,"АКБ ""Абсолют Банк"" (ПАО)"
10.0,24,"АКБ ""Абсолют Банк"" (ПАО)"
10.0,25,"АКБ ""Абсолют Банк"" (ПАО)"
10.0,26,"АКБ ""Абсолют Банк"" (ПАО)"
10.0,27,"АКБ ""Абсолют Банк"" (ПАО)"
10.0,28,"АКБ ""Абсолют Банк"" (ПАО)"
10.0,29,"АКБ ""Абсолют Банк"" (ПАО)"
11.0,30,"АКБ ""Абсолют Банк"" (ПАО)"
11.0,31,"АКБ ""Абсолют Банк"" (ПАО)"
11.0,32,"АКБ ""Абсолют Банк"" (ПАО)"
11.0,33,"АКБ ""Абсолют Банк"" (ПАО)"
9.0,34,"АКБ ""Держава"" ПАО"
9.0,35,"АКБ ""Держава"" ПАО"
9.0,36,"АКБ ""Держава"" ПАО"
9.0,37,"АКБ ""Держава"" ПАО"
9.0,38,"АКБ ""Держава"" ПАО"
9.0,39,"АКБ ""Держава"" ПАО"
9.0,40,"АКБ ""Держава"" ПАО"
9.0,41,"АКБ ""Держава"" ПАО"
7.0,42,"АКБ ""Ланта-Банк"" (АО)"
7.0,43,"АКБ ""Ланта-Банк"" (АО)"
7.0,44,"АКБ ""Ланта-Банк"" (АО)"
7.0,45,"АКБ ""Ланта-Банк"" (АО)"
7.0,46,"АКБ ""Ланта-Банк"" (АО)"
7.0,47,"АКБ ""Ланта-Банк"" (АО)"
7.0,48,"АКБ ""Ланта-Банк"" (АО)"
7.0,49,"АКБ ""Ланта-Банк"" (АО)"
7.0,50,"АКБ ""Ланта-Банк"" (АО)"
7.0,51,"АКБ ""Ланта-Банк"" (АО)"
7.0,52,"АКБ ""Ланта-Банк"" (АО)"
7.0,53,"АКБ ""Ланта-Банк"" (АО)"
7.0,54,"АКБ ""Ланта-Банк"" (АО)"
8.0,55,"АКБ ""НРБанк"" (АО)"
8.0,56,"АКБ ""НРБанк"" (АО)"
8.0,57,"АКБ ""НРБанк"" (АО)"
8.0,58,"АКБ ""НРБанк"" (АО)"
8.0,59,"АКБ ""НРБанк"" (АО)"
8.0,60,"АКБ ""НРБанк"" (АО)"
8.0,61,"АКБ ""НРБанк"" (АО)"
8.0,62,"АКБ ""НРБанк"" (АО)"
8.0,63,"АКБ ""НРБанк"" (АО)"
8.0,64,"АКБ ""НРБанк"" (АО)"
8.0,65,"АКБ ""НРБанк"" (АО)"
8.0,66,"АКБ ""НРБанк"" (АО)"
8.0,67,"АКБ ""НРБанк"" (АО)"
8.0,68,"АКБ ""НРБанк"" (АО)"
13.0,69,"АО ""АЛЬФА-БАНК"""
13.0,70,"АО ""АЛЬФА-БАНК"""
13.0,71,"АО ""АЛЬФА-БАНК"""
13.0,72,"АО ""АЛЬФА-БАНК"""
13.0,73,"АО ""АЛЬФА-БАНК"""
13.0,74,"АО ""АЛЬФА-БАНК"""
13.0,75,"АО ""АЛЬФА-БАНК"""
13.0,76,"АО ""АЛЬФА-БАНК"""
13.0,77,"АО ""АЛЬФА-БАНК"""
13.0,78,"АО ""АЛЬФА-БАНК"""
13.0,79,"АО ""АЛЬФА-БАНК"""
13.0,80,"АО ""АЛЬФА-БАНК"""
13.0,81,"АО ""АЛЬФА-БАНК"""
11.0,82,"АО ""БКС Банк"""
11.0,83,"АО ""БКС Банк"""
11.0,84,"АО ""БКС Банк"""
11.0,85,"АО ""БКС Банк"""
11.0,86,"АО ""БКС Банк"""
11.0,87,"АО ""БКС Банк"""
11.0,88,"АО ""БКС Банк"""
11.0,89,"АО ""БКС Банк"""
11.0,90,"АО ""БКС Банк"""
11.0,91,"АО ""БКС Банк"""
11.0,92,"АО ""БКС Банк"""
11.0,93,"АО ""БКС Банк"""
11.0,94,"АО ""БКС Банк"""
11.0,95,"АО ""БКС Банк"""
7.0,96,"АО ""БайкалИнвестБанк"""
7.0,97,"АО ""БайкалИнвестБанк"""
7.0,98,"АО ""БайкалИнвестБанк"""
7.0,99,"АО ""БайкалИнвестБанк"""
7.0,100,"АО ""БайкалИнвестБанк"""
7.0,101,"АО ""БайкалИнвестБанк"""
7.0,102,"АО ""БайкалИнвестБанк"""
7.0,103,"АО ""БайкалИнвестБанк"""
7.0,104,"АО ""БайкалИнвестБанк"""
7.0,105,"АО ""БайкалИнвестБанк"""
7.0,106,"АО ""БайкалИнвестБанк"""
7.0,107,"АО ""БайкалИнвестБанк"""
7.0,108,"АО ""БайкалИнвестБанк"""
7.0,109,"АО ""БайкалИнвестБанк"""
13.0,110,"АО ""Банк ДОМ.РФ"""
13.0,111,"АО ""Банк ДОМ.РФ"""
13.0,112,"АО ""Банк ДОМ.РФ"""
8.0,113,"АО ""Банк Русский Стандарт"""
8.0,114,"АО ""Банк Русский Стандарт"""
8.0,115,"АО ""Банк Русский Стандарт"""
8.0,116,"АО ""Банк Русский Стандарт"""
8.0,117,"АО ""Банк Русский Стандарт"""
8.0,118,"АО ""Банк Русский Стандарт"""
8.0,119,"АО ""Банк Русский Стандарт"""
8.0,120,"АО ""Банк Русский Стандарт"""
8.0,121,"АО ""Банк Русский Стандарт"""
8.0,122,"АО ""Банк Русский Стандарт"""
7.0,123,"АО ""Банк Русский Стандарт"""
7.0,124,"АО ""Банк Русский Стандарт"""
10.0,125,"АО ""Банк ФИНАМ"""
9.0,126,"АО ""Банк Финсервис"""
9.0,127,"АО ""Банк Финсервис"""
9.0,128,"АО ""Банк Финсервис"""
9.0,129,"АО ""Банк Финсервис"""
9.0,130,"АО ""Банк Финсервис"""
9.0,131,"АО ""Банк Финсервис"""
9.0,132,"АО ""Банк Финсервис"""
9.0,133,"АО ""Банк Финсервис"""
9.0,134,"АО ""Банк Финсервис"""
9.0,135,"АО ""Банк Финсервис"""
9.0,136,"АО ""Банк Финсервис"""
9.0,137,"АО ""Банк Финсервис"""
9.0,138,"АО ""Банк Финсервис"""
9.0,139,"АО ""Банк Финсервис"""
11.0,140,"АО ""Денизбанк Москва"""
11.0,141,"АО ""Денизбанк Москва"""
11.0,142,"АО ""Денизбанк Москва"""
11.0,143,"АО ""Денизбанк Москва"""
8.0,144,"АО ""КОШЕЛЕВ-БАНК"""
8.0,145,"АО ""КОШЕЛЕВ-БАНК"""
8.0,146,"АО ""КОШЕЛЕВ-БАНК"""
7.0,147,"АО ""КОШЕЛЕВ-БАНК"""
7.0,148,"АО ""КОШЕЛЕВ-БАНК"""
8.0,149,"АО ""КОШЕЛЕВ-БАНК"""
8.0,150,"АО ""КОШЕЛЕВ-БАНК"""
8.0,151,"АО ""КОШЕЛЕВ-БАНК"""
8.0,152,"АО ""КОШЕЛЕВ-БАНК"""
8.0,153,"АО ""КОШЕЛЕВ-БАНК"""
8.0,154,"АО ""КОШЕЛЕВ-БАНК"""
8.0,155,"АО ""КОШЕЛЕВ-БАНК"""
8.0,156,"АО ""КОШЕЛЕВ-БАНК"""
8.0,157,"АО ""КОШЕЛЕВ-БАНК"""
10.0,158,"АО ""Кредит Европа Банк (Россия)"""
10.0,159,"АО ""Кредит Европа Банк (Россия)"""
10.0,160,"АО ""Кредит Европа Банк (Россия)"""
10.0,161,"АО ""Кредит Европа Банк (Россия)"""
10.0,162,"АО ""Кредит Европа Банк (Россия)"""
10.0,163,"АО ""Кредит Европа Банк (Россия)"""
10.0,164,"АО ""Кредит Европа Банк (Россия)"""
10.0,165,"АО ""Кредит Европа Банк (Россия)"""
10.0,166,"АО ""Кредит Европа Банк (Россия)"""
10.0,167,"АО ""Кредит Европа Банк (Россия)"""
10.0,168,"АО ""Кредит Европа Банк (Россия)"""
10.0,169,"АО ""Кредит Европа Банк (Россия)"""
10.0,170,"АО ""Кредит Европа Банк (Россия)"""
10.0,171,"АО ""Кредит Европа Банк (Россия)"""
10.0,172,"АО ""МСП Банк"""
10.0,173,"АО ""МСП Банк"""
10.0,174,"АО ""МСП Банк"""
10.0,175,"АО ""МСП Банк"""
10.0,176,"АО ""МСП Банк"""
10.0,177,"АО ""МСП Банк"""
10.0,178,"АО ""МСП Банк"""
10.0,179,"АО ""МСП Банк"""
10.0,180,"АО ""МСП Банк"""
10.0,181,"АО ""МСП Банк"""
10.0,182,"АО ""МСП Банк"""
10.0,183,"АО ""МСП Банк"""
10.0,184,"АО ""МСП Банк"""
10.0,185,"АО ""МСП Банк"""
12.0,186,"АО ""ОТП Банк"""
12.0,187,"АО ""ОТП Банк"""
12.0,188,"АО ""ОТП Банк"""
12.0,189,"АО ""ОТП Банк"""
12.0,190,"АО ""ОТП Банк"""
12.0,191,"АО ""ОТП Банк"""
12.0,192,"АО ""ОТП Банк"""
12.0,193,"АО ""ОТП Банк"""
12.0,194,"АО ""ОТП Банк"""
12.0,195,"АО ""ОТП Банк"""
12.0,196,"АО ""ОТП Банк"""
12.0,197,"АО ""ОТП Банк"""
12.0,198,"АО ""ОТП Банк"""
12.0,199,"АО ""ОТП Банк"""
14.0,200,"АО ""Райффайзенбанк"""
14.0,201,"АО ""Райффайзенбанк"""
14.0,202,"АО ""Райффайзенбанк"""
14.0,203,"АО ""Райффайзенбанк"""
14.0,204,"АО ""Райффайзенбанк"""
14.0,205,"АО ""Райффайзенбанк"""
14.0,206,"АО ""Райффайзенбанк"""
14.0,207,"АО ""Райффайзенбанк"""
14.0,208,"АО ""Райффайзенбанк"""
14.0,209,"АО ""Райффайзенбанк"""
14.0,210,"АО ""Райффайзенбанк"""
14.0,211,"АО ""Райффайзенбанк"""
13.0,212,"АО ""Россельхозбанк"""
13.0,213,"АО ""Россельхозбанк"""
13.0,214,"АО ""Россельхозбанк"""
13.0,215,"АО ""Россельхозбанк"""
13.0,216,"АО ""Россельхозбанк"""
13.0,217,"АО ""Россельхозбанк"""
13.0,218,"АО ""Россельхозбанк"""
13.0,219,"АО ""Россельхозбанк"""
13.0,220,"АО ""Россельхозбанк"""
13.0,221,"АО ""Россельхозбанк"""
13.0,222,"АО ""Россельхозбанк"""
13.0,223,"АО ""Россельхозбанк"""
13.0,224,"АО ""Россельхозбанк"""
7.0,225,"АО ""Солид Банк"""
7.0,226,"АО ""Солид Банк"""
7.0,227,"АО ""Солид Банк"""
7.0,228,"АО ""Солид Банк"""
7.0,229,"АО ""Солид Банк"""
7.0,230,"АО ""Солид Банк"""
7.0,231,"АО ""Солид Банк"""
7.0,232,"АО ""Солид Банк"""
7.0,233,"АО ""Солид Банк"""
7.0,234,"АО ""Солид Банк"""
8.0,235,"АО ""Солид Банк"""
8.0,236,"АО ""Солид Банк"""
8.0,237,"АО ""Солид Банк"""
8.0,238,"АО ""Солид Банк"""
9.0,239,"АО ""ТАТСОЦБАНК"""
9.0,240,"АО ""ТАТСОЦБАНК"""
9.0,241,"АО ""ТАТСОЦБАНК"""
9.0,242,"АО ""ТАТСОЦБАНК"""
9.0,243,"АО ""ТАТСОЦБАНК"""
9.0,244,"АО ""ТАТСОЦБАНК"""
9.0,245,"АО ""ТАТСОЦБАНК"""
9.0,246,"АО ""ТАТСОЦБАНК"""
9.0,247,"АО ""ТАТСОЦБАНК"""
9.0,248,"АО ""ТАТСОЦБАНК"""
9.0,249,"АО ""ТАТСОЦБАНК"""
9.0,250,"АО ""ТАТСОЦБАНК"""
9.0,251,"АО ""ТАТСОЦБАНК"""
9.0,252,"АО ""ТАТСОЦБАНК"""
12.0,253,"АО АКБ ""НОВИКОМБАНК"""
12.0,254,"АО АКБ ""НОВИКОМБАНК"""
12.0,255,"АО АКБ ""НОВИКОМБАНК"""
12.0,256,"АО АКБ ""НОВИКОМБАНК"""
12.0,257,"АО АКБ ""НОВИКОМБАНК"""
12.0,258,"АО АКБ ""НОВИКОМБАНК"""
12.0,259,"АО АКБ ""НОВИКОМБАНК"""
12.0,260,"АО АКБ ""НОВИКОМБАНК"""
9.0,261,"АО Банк ""Национальный стандарт"""
9.0,262,"АО Банк ""Национальный стандарт"""
9.0,263,"АО Банк ""Национальный стандарт"""
9.0,264,"АО Банк ""Национальный стандарт"""
9.0,265,"АО Банк ""Национальный стандарт"""
9.0,266,"АО Банк ""Национальный стандарт"""
9.0,267,"АО Банк ""Национальный стандарт"""
9.0,268,"АО Банк ""Национальный стандарт"""
9.0,269,"АО Банк ""Национальный стандарт"""
9.0,270,"АО Банк ""Национальный стандарт"""
9.0,271,"АО Банк ""Национальный стандарт"""
9.0,272,"АО Банк ""Национальный стандарт"""
9.0,273,"АО Банк ""Национальный стандарт"""
9.0,274,"АО Банк ""Национальный стандарт"""
8.0,275,"АО КБ ""Солидарность"""
8.0,276,"АО КБ ""Солидарность"""
8.0,277,"АО КБ ""Солидарность"""
8.0,278,"АО КБ ""Солидарность"""
8.0,279,"АО КБ ""Солидарность"""
8.0,280,"АО КБ ""Солидарность"""
8.0,281,"АО КБ ""Солидарность"""
8.0,282,"АО КБ ""Солидарность"""
8.0,283,"АО КБ ""Солидарность"""
8.0,284,"АО КБ ""Солидарность"""
8.0,285,"АО КБ ""Солидарность"""
8.0,286,"АО КБ ""Солидарность"""
8.0,287,"АО КБ ""Солидарность"""
8.0,288,"АО КБ ""Солидарность"""
8.0,289,"АО КБ ""ЮНИСТРИМ"""
13.0,290,АО РОСЭКСИМБАНК
13.0,291,АО РОСЭКСИМБАНК
13.0,292,АО РОСЭКСИМБАНК
13.0,293,АО РОСЭКСИМБАНК
13.0,294,АО РОСЭКСИМБАНК
13.0,295,АО РОСЭКСИМБАНК
13.0,296,АО РОСЭКСИМБАНК
13.0,297,АО РОСЭКСИМБАНК
13.0,298,АО РОСЭКСИМБАНК
13.0,299,АО РОСЭКСИМБАНК
13.0,300,АО РОСЭКСИМБАНК
13.0,301,АО РОСЭКСИМБАНК
13.0,302,АО РОСЭКСИМБАНК
13.0,303,АО РОСЭКСИМБАНК
9.0,304,Азия-Инвест Банк (АО)
9.0,305,Азия-Инвест Банк (АО)
9.0,306,Азия-Инвест Банк (АО)
10.0,307,Азия-Инвест Банк (АО)
10.0,308,Азия-Инвест Банк (АО)
10.0,309,Азия-Инвест Банк (АО)
13.0,310,АйСиБиСи Банк (АО)
13.0,311,АйСиБиСи Банк (АО)
13.0,312,АйСиБиСи Банк (АО)
13.0,313,АйСиБиСи Банк (АО)
13.0,314,АйСиБиСи Банк (АО)
13.0,315,АйСиБиСи Банк (АО)
13.0,316,АйСиБиСи Банк (АО)
13.0,317,АйСиБиСи Банк (АО)
13.0,318,АйСиБиСи Банк (АО)
13.0,319,АйСиБиСи Банк (АО)
13.0,320,АйСиБиСи Банк (АО)
13.0,321,АйСиБиСи Банк (АО)
13.0,322,АйСиБиСи Банк (АО)
13.0,323,"Банк ""ВБРР"" (АО)"
13.0,324,"Банк ""ВБРР"" (АО)"
13.0,325,"Банк ""ВБРР"" (АО)"
13.0,326,"Банк ""ВБРР"" (АО)"
13.0,327,"Банк ""ВБРР"" (АО)"
13.0,328,"Банк ""ВБРР"" (АО)"
13.0,329,"Банк ""ВБРР"" (АО)"
13.0,330,"Банк ""ВБРР"" (АО)"
13.0,331,"Банк ""ВБРР"" (АО)"
13.0,332,"Банк ""ВБРР"" (АО)"
13.0,333,"Банк ""ВБРР"" (АО)"
14.0,334,Банк ВТБ (ПАО)
13.0,335,Банк ГПБ (АО)
13.0,336,Банк ГПБ (АО)
13.0,337,Банк ГПБ (АО)
13.0,338,Банк ГПБ (АО)
13.0,339,Банк ГПБ (АО)
13.0,340,Банк ГПБ (АО)
13.0,341,Банк ГПБ (АО)
9.0,342,"КБ ""Кубань Кредит"" ООО"
9.0,343,"КБ ""Кубань Кредит"" ООО"
9.0,344,"КБ ""Кубань Кредит"" ООО"
9.0,345,"КБ ""Кубань Кредит"" ООО"
9.0,346,"КБ ""Кубань Кредит"" ООО"
9.0,347,"КБ ""Кубань Кредит"" ООО"
9.0,348,"КБ ""Кубань Кредит"" ООО"
9.0,349,"КБ ""Кубань Кредит"" ООО"
9.0,350,"КБ ""Кубань Кредит"" ООО"
9.0,351,"КБ ""Кубань Кредит"" ООО"
9.0,352,"КБ ""Кубань Кредит"" ООО"
9.0,353,"КБ ""Кубань Кредит"" ООО"
9.0,354,"КБ ""Кубань Кредит"" ООО"
9.0,355,"КБ ""Кубань Кредит"" ООО"
10.0,356,"КБ ""ЛОКО-Банк"" (АО)"
10.0,357,"КБ ""ЛОКО-Банк"" (АО)"
10.0,358,"КБ ""ЛОКО-Банк"" (АО)"
10.0,359,"КБ ""ЛОКО-Банк"" (АО)"
10.0,360,"КБ ""ЛОКО-Банк"" (АО)"
10.0,361,"КБ ""ЛОКО-Банк"" (АО)"
10.0,362,"КБ ""ЛОКО-Банк"" (АО)"
10.0,363,"КБ ""ЛОКО-Банк"" (АО)"
10.0,364,"КБ ""ЛОКО-Банк"" (АО)"
10.0,365,"КБ ""ЛОКО-Банк"" (АО)"
10.0,366,"КБ ""ЛОКО-Банк"" (АО)"
10.0,367,"КБ ""ЛОКО-Банк"" (АО)"
10.0,368,"КБ ""ЛОКО-Банк"" (АО)"
11.0,369,"КБ ""ЛОКО-Банк"" (АО)"
7.0,370,"КБ ""Москоммерцбанк"" (АО)"
7.0,371,"КБ ""Москоммерцбанк"" (АО)"
7.0,372,"КБ ""Москоммерцбанк"" (АО)"
7.0,373,"КБ ""Москоммерцбанк"" (АО)"
7.0,374,"КБ ""Москоммерцбанк"" (АО)"
7.0,375,"КБ ""Москоммерцбанк"" (АО)"
7.0,376,"КБ ""Москоммерцбанк"" (АО)"
7.0,377,"КБ ""Москоммерцбанк"" (АО)"
7.0,378,"КБ ""Москоммерцбанк"" (АО)"
7.0,379,"КБ ""Москоммерцбанк"" (АО)"
7.0,380,"КБ ""Москоммерцбанк"" (АО)"
7.0,381,"КБ ""Москоммерцбанк"" (АО)"
7.0,382,"КБ ""Москоммерцбанк"" (АО)"
9.0,383,"КБ ""ЭНЕРГОТРАНСБАНК"" (АО)"
9.0,384,"КБ ""ЭНЕРГОТРАНСБАНК"" (АО)"
9.0,385,"КБ ""ЭНЕРГОТРАНСБАНК"" (АО)"
9.0,386,"КБ ""ЭНЕРГОТРАНСБАНК"" (АО)"
9.0,387,"КБ ""ЭНЕРГОТРАНСБАНК"" (АО)"
9.0,388,"КБ ""ЭНЕРГОТРАНСБАНК"" (АО)"
9.0,389,"КБ ""ЭНЕРГОТРАНСБАНК"" (АО)"
9.0,390,"КБ ""ЭНЕРГОТРАНСБАНК"" (АО)"
9.0,391,"КБ ""ЭНЕРГОТРАНСБАНК"" (АО)"
9.0,392,"КБ ""ЭНЕРГОТРАНСБАНК"" (АО)"
9.0,393,"КБ ""ЭНЕРГОТРАНСБАНК"" (АО)"
9.0,394,"КБ ""ЭНЕРГОТРАНСБАНК"" (АО)"
10.0,395,КИВИ Банк (АО)
10.0,396,КИВИ Банк (АО)
10.0,397,КИВИ Банк (АО)
10.0,398,КИВИ Банк (АО)
10.0,399,КИВИ Банк (АО)
10.0,400,КИВИ Банк (АО)
10.0,401,КИВИ Банк (АО)
10.0,402,КИВИ Банк (АО)
10.0,403,КИВИ Банк (АО)
10.0,404,КИВИ Банк (АО)
10.0,405,КИВИ Банк (АО)
10.0,406,КИВИ Банк (АО)
10.0,407,КИВИ Банк (АО)
10.0,408,КИВИ Банк (АО)
14.0,409,НКО НКЦ (АО)
14.0,410,НКО НКЦ (АО)
14.0,411,НКО НКЦ (АО)
14.0,412,НКО НКЦ (АО)
14.0,413,НКО НКЦ (АО)
14.0,414,НКО НКЦ (АО)
14.0,415,НКО НКЦ (АО)
14.0,416,НКО НКЦ (АО)
14.0,417,НКО НКЦ (АО)
14.0,418,НКО НКЦ (АО)
14.0,419,НКО НКЦ (АО)
14.0,420,НКО НКЦ (АО)
14.0,421,НКО НКЦ (АО)
11.0,422,"ООО ""ХКФ Банк"""
11.0,423,"ООО ""ХКФ Банк"""
11.0,424,"ООО ""ХКФ Банк"""
11.0,425,"ООО ""ХКФ Банк"""
11.0,426,"ООО ""ХКФ Банк"""
11.0,427,"ООО ""ХКФ Банк"""
11.0,428,"ООО ""ХКФ Банк"""
11.0,429,"ООО ""ХКФ Банк"""
11.0,430,"ООО ""ХКФ Банк"""
11.0,431,"ООО ""ХКФ Банк"""
11.0,432,"ООО ""ХКФ Банк"""
11.0,433,"ООО ""ХКФ Банк"""
11.0,434,"ООО ""ХКФ Банк"""
11.0,435,"ООО ""Экспобанк"""
11.0,436,"ООО ""Экспобанк"""
11.0,437,"ООО ""Экспобанк"""
11.0,438,"ООО ""Экспобанк"""
11.0,439,"ООО ""Экспобанк"""
11.0,440,"ООО ""Экспобанк"""
11.0,441,"ООО ""Экспобанк"""
11.0,442,"ООО ""Экспобанк"""
11.0,443,"ООО ""Экспобанк"""
11.0,444,"ООО ""Экспобанк"""
11.0,445,"ООО ""Экспобанк"""
11.0,446,"ООО ""Экспобанк"""
11.0,447,"ООО ""Экспобанк"""
11.0,448,"ООО ""Экспобанк"""
9.0,449,"ООО КБЭР ""Банк Казани"""
9.0,450,"ООО КБЭР ""Банк Казани"""
9.0,451,"ООО КБЭР ""Банк Казани"""
9.0,452,"ООО КБЭР ""Банк Казани"""
9.0,453,"ООО КБЭР ""Банк Казани"""
9.0,454,"ООО КБЭР ""Банк Казани"""
9.0,455,"ООО КБЭР ""Банк Казани"""
9.0,456,"ООО КБЭР ""Банк Казани"""
9.0,457,"ООО КБЭР ""Банк Казани"""
9.0,458,"ООО КБЭР ""Банк Казани"""
9.0,459,"ООО КБЭР ""Банк Казани"""
9.0,460,"ООО КБЭР ""Банк Казани"""
9.0,461,"ООО КБЭР ""Банк Казани"""
10.0,462,"ПАО ""БАНК УРАЛСИБ"""
10.0,463,"ПАО ""БАНК УРАЛСИБ"""
10.0,464,"ПАО ""БАНК УРАЛСИБ"""
10.0,465,"ПАО ""БАНК УРАЛСИБ"""
11.0,466,"ПАО ""БАНК УРАЛСИБ"""
11.0,467,"ПАО ""БАНК УРАЛСИБ"""
11.0,468,"ПАО ""БАНК УРАЛСИБ"""
11.0,469,"ПАО ""БАНК УРАЛСИБ"""
11.0,470,"ПАО ""БАНК УРАЛСИБ"""
11.0,471,"ПАО ""БАНК УРАЛСИБ"""
11.0,472,"ПАО ""БАНК УРАЛСИБ"""
11.0,473,"ПАО ""БАНК УРАЛСИБ"""
11.0,474,"ПАО ""БАНК УРАЛСИБ"""
11.0,475,"ПАО ""Банк ""Санкт-Петербург"""
11.0,476,"ПАО ""Банк ""Санкт-Петербург"""
11.0,477,"ПАО ""Банк ""Санкт-Петербург"""
11.0,478,"ПАО ""Банк ""Санкт-Петербург"""
11.0,479,"ПАО ""Банк ""Санкт-Петербург"""
11.0,480,"ПАО ""Банк ""Санкт-Петербург"""
11.0,481,"ПАО ""Банк ""Санкт-Петербург"""
11.0,482,"ПАО ""Банк ""Санкт-Петербург"""
11.0,483,"ПАО ""Банк ""Санкт-Петербург"""
11.0,484,"ПАО ""Банк ""Санкт-Петербург"""
11.0,485,"ПАО ""Банк ""Санкт-Петербург"""
11.0,486,"ПАО ""Банк ""Санкт-Петербург"""
12.0,487,"ПАО ""Банк ""Санкт-Петербург"""
12.0,488,"ПАО ""Банк ""Санкт-Петербург"""
12.0,489,"ПАО ""МОСКОВСКИЙ КРЕДИТНЫЙ БАНК"""
12.0,490,"ПАО ""МОСКОВСКИЙ КРЕДИТНЫЙ БАНК"""
12.0,491,"ПАО ""МОСКОВСКИЙ КРЕДИТНЫЙ БАНК"""
12.0,492,"ПАО ""МОСКОВСКИЙ КРЕДИТНЫЙ БАНК"""
12.0,493,"ПАО ""МОСКОВСКИЙ КРЕДИТНЫЙ БАНК"""
12.0,494,"ПАО ""МОСКОВСКИЙ КРЕДИТНЫЙ БАНК"""
12.0,495,"ПАО ""МОСКОВСКИЙ КРЕДИТНЫЙ БАНК"""
12.0,496,"ПАО ""МОСКОВСКИЙ КРЕДИТНЫЙ БАНК"""
12.0,497,"ПАО ""МОСКОВСКИЙ КРЕДИТНЫЙ БАНК"""
12.0,498,"ПАО ""МОСКОВСКИЙ КРЕДИТНЫЙ БАНК"""
12.0,499,"ПАО ""МОСКОВСКИЙ КРЕДИТНЫЙ БАНК"""
12.0,500,"ПАО ""МОСКОВСКИЙ КРЕДИТНЫЙ БАНК"""
11.0,501,"ПАО ""МТС-Банк"""
11.0,502,"ПАО ""МТС-Банк"""
11.0,503,"ПАО ""МТС-Банк"""
11.0,504,"ПАО ""МТС-Банк"""
11.0,505,"ПАО ""МТС-Банк"""
11.0,506,"ПАО ""МТС-Банк"""
11.0,507,"ПАО ""МТС-Банк"""
11.0,508,"ПАО ""МТС-Банк"""
11.0,509,"ПАО ""МТС-Банк"""
11.0,510,"ПАО ""МТС-Банк"""
11.0,511,"ПАО ""МТС-Банк"""
11.0,512,"ПАО ""МТС-Банк"""
11.0,513,"ПАО ""МТС-Банк"""
11.0,514,"ПАО ""МТС-Банк"""
13.0,515,"ПАО ""Промсвязьбанк"""
13.0,516,"ПАО ""Промсвязьбанк"""
13.0,517,"ПАО ""Промсвязьбанк"""
13.0,518,"ПАО ""Промсвязьбанк"""
13.0,519,"ПАО ""Промсвязьбанк"""
13.0,520,"ПАО ""Промсвязьбанк"""
13.0,521,"ПАО ""Промсвязьбанк"""
13.0,522,"ПАО ""Промсвязьбанк"""
13.0,523,"ПАО ""Промсвязьбанк"""
13.0,524,"ПАО ""Промсвязьбанк"""
13.0,525,"ПАО ""Промсвязьбанк"""
13.0,526,"ПАО ""Промсвязьбанк"""
13.0,527,"ПАО ""Промсвязьбанк"""
13.0,528,"ПАО ""Промсвязьбанк"""
13.0,529,"ПАО ""Совкомбанк"""
13.0,530,"ПАО ""Совкомбанк"""
13.0,531,"ПАО ""Совкомбанк"""
13.0,532,"ПАО ""Совкомбанк"""
13.0,533,"ПАО ""Совкомбанк"""
13.0,534,"ПАО ""Совкомбанк"""
13.0,535,"ПАО ""Совкомбанк"""
13.0,536,"ПАО ""Совкомбанк"""
13.0,537,"ПАО ""Совкомбанк"""
13.0,538,"ПАО ""Совкомбанк"""
13.0,539,"ПАО ""Совкомбанк"""
13.0,540,"ПАО ""Совкомбанк"""
13.0,541,"ПАО ""Совкомбанк"""
11.0,542,"ПАО ""ЧЕЛЯБИНВЕСТБАНК"""
11.0,543,"ПАО ""ЧЕЛЯБИНВЕСТБАНК"""
11.0,544,"ПАО ""ЧЕЛЯБИНВЕСТБАНК"""
11.0,545,"ПАО ""ЧЕЛЯБИНВЕСТБАНК"""
11.0,546,"ПАО ""ЧЕЛЯБИНВЕСТБАНК"""
11.0,547,"ПАО ""ЧЕЛЯБИНВЕСТБАНК"""
11.0,548,"ПАО ""ЧЕЛЯБИНВЕСТБАНК"""
11.0,549,"ПАО ""ЧЕЛЯБИНВЕСТБАНК"""
11.0,550,"ПАО ""ЧЕЛЯБИНВЕСТБАНК"""
11.0,551,"ПАО ""ЧЕЛЯБИНВЕСТБАНК"""
11.0,552,"ПАО ""ЧЕЛЯБИНВЕСТБАНК"""
11.0,553,"ПАО ""ЧЕЛЯБИНВЕСТБАНК"""
11.0,554,"ПАО ""ЧЕЛЯБИНВЕСТБАНК"""
11.0,555,"ПАО ""ЧЕЛЯБИНВЕСТБАНК"""
9.0,556,"ПАО АКБ ""АВАНГАРД"""
9.0,557,"ПАО АКБ ""АВАНГАРД"""
9.0,558,"ПАО АКБ ""АВАНГАРД"""
9.0,559,"ПАО АКБ ""АВАНГАРД"""
9.0,560,"ПАО АКБ ""АВАНГАРД"""
9.0,561,"ПАО АКБ ""АВАНГАРД"""
9.0,562,"ПАО АКБ ""АВАНГАРД"""
9.0,563,"ПАО АКБ ""АВАНГАРД"""
9.0,564,"ПАО АКБ ""АВАНГАРД"""
9.0,565,"ПАО АКБ ""АВАНГАРД"""
9.0,566,"ПАО АКБ ""АВАНГАРД"""
9.0,567,"ПАО АКБ ""АВАНГАРД"""
9.0,568,"ПАО АКБ ""АВАНГАРД"""
9.0,569,"ПАО АКБ ""АВАНГАРД"""
11.0,570,"ПАО АКБ ""Металлинвестбанк"""
11.0,571,"ПАО АКБ ""Металлинвестбанк"""
11.0,572,"ПАО АКБ ""Металлинвестбанк"""
11.0,573,"ПАО АКБ ""Металлинвестбанк"""
11.0,574,"ПАО АКБ ""Металлинвестбанк"""
11.0,575,"ПАО АКБ ""Металлинвестбанк"""
11.0,576,"ПАО АКБ ""Металлинвестбанк"""
11.0,577,"ПАО АКБ ""Металлинвестбанк"""
11.0,578,"ПАО АКБ ""Металлинвестбанк"""
11.0,579,"ПАО АКБ ""Металлинвестбанк"""
11.0,580,"ПАО АКБ ""Металлинвестбанк"""
11.0,581,"ПАО АКБ ""Металлинвестбанк"""
11.0,582,"ПАО АКБ ""Металлинвестбанк"""
11.0,583,"ПАО АКБ ""Металлинвестбанк"""
13.0,584,"ПАО Банк ""ФК Открытие"""
13.0,585,"ПАО Банк ""ФК Открытие"""
13.0,586,"ПАО Банк ""ФК Открытие"""
13.0,587,"ПАО Банк ""ФК Открытие"""
13.0,588,"ПАО Банк ""ФК Открытие"""
13.0,589,"ПАО Банк ""ФК Открытие"""
13.0,590,"ПАО Банк ""ФК Открытие"""
13.0,591,"ПАО Банк ""ФК Открытие"""
13.0,592,"ПАО Банк ""ФК Открытие"""
13.0,593,"ПАО Банк ""ФК Открытие"""
13.0,594,"ПАО Банк ""ФК Открытие"""
11.0,595,ПАО Банк ЗЕНИТ
11.0,596,ПАО Банк ЗЕНИТ
11.0,597,ПАО Банк ЗЕНИТ
11.0,598,ПАО Банк ЗЕНИТ
11.0,599,ПАО Банк ЗЕНИТ
11.0,600,ПАО Банк ЗЕНИТ
11.0,601,ПАО Банк ЗЕНИТ
11.0,602,ПАО Банк ЗЕНИТ
11.0,603,ПАО Банк ЗЕНИТ
11.0,604,ПАО Банк ЗЕНИТ
11.0,605,ПАО Банк ЗЕНИТ
11.0,606,ПАО Банк ЗЕНИТ
11.0,607,ПАО Банк ЗЕНИТ
11.0,608,"ПАО КБ ""Центр-инвест"""
11.0,609,"ПАО КБ ""Центр-инвест"""
11.0,610,"ПАО КБ ""Центр-инвест"""
11.0,611,"ПАО КБ ""Центр-инвест"""
11.0,612,"ПАО КБ ""Центр-инвест"""
11.0,613,"ПАО КБ ""Центр-инвест"""
14.0,614,ПАО РОСБАНК
14.0,615,ПАО РОСБАНК
14.0,616,ПАО РОСБАНК
14.0,617,ПАО РОСБАНК
14.0,618,ПАО РОСБАНК
14.0,619,ПАО РОСБАНК
14.0,620,ПАО РОСБАНК
14.0,621,ПАО РОСБАНК
14.0,622,ПАО РОСБАНК
14.0,623,ПАО РОСБАНК
14.0,624,ПАО РОСБАНК
14.0,625,ПАО РОСБАНК
14.0,626,ПАО РОСБАНК
14.0,627,ПАО РОСБАНК
14.0,628,ПАО Сбербанк
14.0,629,ПАО Сбербанк
14.0,630,ПАО Сбербанк
14.0,631,ПАО Сбербанк
14.0,632,ПАО Сбербанк
14.0,633,ПАО Сбербанк
14.0,634,ПАО Сбербанк
14.0,635,ПАО Сбербанк
14.0,636,ПАО Сбербанк
14.0,637,ПАО Сбербанк
14.0,638,ПАО Сбербанк
14.0,639,ПАО Сбербанк
14.0,640,ПАО Сбербанк
14.0,641,ПАО Сбербанк
